region_id,sport,demand_score,supply_score,edi
51150,ball_sports,53.87230514096186,83.41013824884793,-29.537833107886065
51820,ball_sports,37.5,71.42857142857143,-33.92857142857143
51170,ball_sports,48.30016583747927,76.49769585253456,-28.197530015055293
51230,ball_sports,32.786069651741286,73.27188940092167,-40.48581974918038
51210,ball_sports,39.16666666666666,62.21198156682027,-23.045314900153613
51800,ball_sports,41.388888888888886,76.036866359447,-34.64797747055812
51830,ball_sports,26.111111111111107,82.02764976958525,-55.916538658474146
51750,ball_sports,23.333333333333332,85.71428571428571,-62.38095238095238
51130,ball_sports,45.06218905472636,55.76036866359447,-10.69817960886811
51810,ball_sports,39.444444444444436,67.74193548387096,-28.297491039426525
51770,ball_sports,24.72222222222222,93.54838709677419,-68.82616487455198
51780,ball_sports,38.61111111111111,50.23041474654379,-11.61930363543268
51110,ball_sports,60.37728026533996,73.73271889400922,-13.355438628669262
51190,ball_sports,42.653399668325044,87.09677419354838,-44.44337452522334
51760,ball_sports,25.27777777777778,64.0552995391705,-38.77752176139273
51720,ball_sports,30.0,65.43778801843318,-35.43778801843318
51790,ball_sports,34.166666666666664,74.19354838709677,-40.026881720430104
51730,ball_sports,25.83333333333333,82.48847926267281,-56.65514592933948
41820,ball_sports,30.833333333333336,58.986175115207374,-28.152841781874038
41281,ball_sports,54.386401326699826,0.0,54.386401326699826
41285,ball_sports,61.66666666666666,0.0,61.66666666666666
41287,ball_sports,54.166666666666664,0.0,54.166666666666664
41290,ball_sports,70.83333333333334,51.61290322580645,19.220430107526894
41210,ball_sports,60.0,8.755760368663594,51.244239631336406
41610,ball_sports,61.94859038142619,19.35483870967742,42.59375167174878
41310,ball_sports,59.72222222222221,20.276497695852534,39.44572452636967
41410,ball_sports,58.333333333333336,10.599078341013826,47.73425499231951
41570,ball_sports,81.38888888888889,7.373271889400922,74.01561699948796
41360,ball_sports,61.38888888888888,27.64976958525346,33.73911930363542
41250,ball_sports,44.166666666666664,72.35023041474655,-28.183563748079884
41194,ball_sports,56.90713101160863,0.0,56.90713101160863
41196,ball_sports,47.77777777777777,0.0,47.77777777777777
41192,ball_sports,65.55555555555556,0.0,65.55555555555556
41135,ball_sports,57.90215588723051,0.0,57.90215588723051
41131,ball_sports,61.11111111111111,0.0,61.11111111111111
41133,ball_sports,58.611111111111114,0.0,58.611111111111114
41113,ball_sports,71.22719734660032,0.0,71.22719734660032
41117,ball_sports,84.72222222222221,0.0,84.72222222222221
41111,ball_sports,65.27777777777779,0.0,65.27777777777779
41115,ball_sports,67.77777777777777,0.0,67.77777777777777
41390,ball_sports,74.91293532338308,17.050691244239633,57.86224407914345
41273,ball_sports,82.12686567164178,0.0,82.12686567164178
41271,ball_sports,65.0,0.0,65.0
41550,ball_sports,72.77777777777777,41.013824884792626,31.763952892985145
41173,ball_sports,70.0,0.0,70.0
41171,ball_sports,53.61111111111111,0.0,53.61111111111111
41630,ball_sports,63.61111111111111,70.96774193548387,-7.356630824372765
41830,ball_sports,43.71890547263681,58.525345622119815,-14.806440149483002
41670,ball_sports,40.55555555555556,45.622119815668206,-5.066564260112649
41800,ball_sports,35.0,74.65437788018433,-39.65437788018433
41370,ball_sports,85.30265339966832,34.56221198156682,50.7404414181015
41463,ball_sports,71.38888888888889,0.0,71.38888888888889
41465,ball_sports,75.55555555555556,0.0,75.55555555555556
41461,ball_sports,69.72222222222221,0.0,69.72222222222221
41430,ball_sports,60.27777777777777,17.51152073732719,42.76625704045058
41150,ball_sports,44.33665008291873,30.87557603686636,13.46107404605237
41500,ball_sports,76.11111111111111,47.465437788018434,28.64567332309268
41480,ball_sports,71.94444444444444,25.34562211981567,46.59882232462877
41220,ball_sports,80.0,29.953917050691242,50.046082949308754
41650,ball_sports,70.98258706467662,30.414746543778804,40.56784052089782
41450,ball_sports,76.94444444444444,36.405529953917046,40.5389144905274
41590,ball_sports,74.02985074626865,36.86635944700461,37.16349129926404
48310,ball_sports,74.72222222222223,12.903225806451612,61.81899641577061
48880,ball_sports,31.38888888888889,78.3410138248848,-46.95212493599591
48820,ball_sports,28.61111111111111,95.85253456221197,-67.24142345110086
48250,ball_sports,75.0,7.834101382488479,67.16589861751152
48840,ball_sports,18.61111111111111,88.47926267281106,-69.86815156169995
48270,ball_sports,32.22222222222222,92.16589861751152,-59.943676395289295
48240,ball_sports,51.40132669983416,50.69124423963134,0.7100824602028197
48860,ball_sports,17.777777777777775,98.15668202764977,-80.378904249872
48330,ball_sports,66.66666666666667,65.89861751152074,0.7680491551459312
48720,ball_sports,21.111111111111107,99.07834101382488,-77.96722990271377
48170,ball_sports,56.111111111111114,11.981566820276496,44.129544290834616
48740,ball_sports,30.277777777777775,39.1705069124424,-8.892729134664624
48125,ball_sports,50.07462686567163,0.0,50.07462686567163
48127,ball_sports,42.49999999999999,0.0,42.49999999999999
48123,ball_sports,71.66666666666667,0.0,71.66666666666667
48121,ball_sports,55.27777777777777,0.0,55.27777777777777
48129,ball_sports,66.38888888888889,0.0,66.38888888888889
48220,ball_sports,41.666666666666664,78.80184331797236,-37.13517665130569
48850,ball_sports,17.5,42.3963133640553,-24.896313364055302
48730,ball_sports,45.55555555555555,61.29032258064516,-15.73476702508961
48870,ball_sports,19.72222222222222,76.95852534562212,-57.2363031233999
48890,ball_sports,16.11111111111111,84.33179723502305,-68.22068612391193
47290,ball_sports,70.70066334991708,79.26267281105991,-8.562009461142836
47130,ball_sports,48.88888888888888,82.94930875576037,-34.06041986687149
47830,ball_sports,38.888888888888886,85.25345622119815,-46.364567332309264
47190,ball_sports,67.5787728026534,69.12442396313364,-1.545651160480233
47150,ball_sports,39.71393034825871,91.70506912442397,-51.991138776165265
47280,ball_sports,27.500000000000004,94.47004608294931,-66.97004608294931
47920,ball_sports,15.555555555555555,99.53917050691244,-83.98361495135688
47250,ball_sports,25.0,97.6958525345622,-72.6958525345622
47840,ball_sports,34.44444444444444,33.17972350230415,1.2647209421402934
47170,ball_sports,33.86401326699834,89.86175115207374,-55.997737885075395
47770,ball_sports,21.944444444444443,72.81105990783409,-50.86661546338965
47760,ball_sports,16.38888888888889,94.00921658986175,-77.62032770097287
47210,ball_sports,26.84079601990049,95.39170506912443,-68.55090904922393
47230,ball_sports,34.72222222222222,88.94009216589862,-54.2178699436764
47900,ball_sports,35.55555555555555,91.24423963133641,-55.68868407578086
47940,ball_sports,26.944444444444443,84.7926267281106,-57.84818228366616
47930,ball_sports,33.05555555555556,86.17511520737328,-53.119559651817724
47730,ball_sports,15.277777777777777,100.0,-84.72222222222223
47820,ball_sports,19.166666666666664,96.7741935483871,-77.60752688172045
47750,ball_sports,17.22222222222222,37.327188940092164,-20.104966717869942
47850,ball_sports,68.61111111111111,81.5668202764977,-12.95570916538658
47111,ball_sports,52.88142620232173,0.0,52.88142620232173
47113,ball_sports,43.888888888888886,0.0,43.888888888888886
29200,ball_sports,83.33333333333333,45.16129032258064,38.17204301075269
29155,ball_sports,52.222222222222214,54.377880184331794,-2.1556579621095793
29110,ball_sports,68.8391376451078,47.926267281105986,20.91287036400181
29170,ball_sports,51.85323383084576,42.857142857142854,8.996090973702906
29140,ball_sports,74.85903814262022,44.23963133640553,30.61940680621469
27720,ball_sports,15.833333333333332,98.61751152073732,-82.784178187404
27200,ball_sports,40.27777777777778,40.09216589861751,0.18561187916026967
27290,ball_sports,46.42205638474295,51.1520737327189,-4.730017347975945
27710,ball_sports,75.27777777777777,48.38709677419355,26.89068100358422
27140,ball_sports,46.666666666666664,40.55299539170507,6.113671274961597
27230,ball_sports,59.444444444444436,56.22119815668203,3.2232462877624073
27170,ball_sports,36.94444444444444,52.53456221198156,-15.590117767537116
27260,ball_sports,49.16666666666666,15.207373271889402,33.959293394777255
27110,ball_sports,76.38888888888889,46.08294930875576,30.305939580133128
30230,ball_sports,48.33333333333333,9.216589861751153,39.116743471582176
30110,ball_sports,68.33333333333333,31.797235023041477,36.53609831029185
30170,ball_sports,69.29519071310116,11.059907834101383,58.23528287899978
30200,ball_sports,83.6111111111111,53.91705069124424,29.694060419866858
30140,ball_sports,44.72222222222222,37.78801843317972,6.934203789042499
26440,ball_sports,84.44444444444444,66.3594470046083,18.084997439836144
26410,ball_sports,49.444444444444436,22.119815668202765,27.32462877624167
26710,ball_sports,63.05555555555556,64.97695852534562,-1.9214029697900656
26290,ball_sports,57.40049751243781,26.72811059907834,30.672386913359468
26170,ball_sports,39.72222222222223,53.45622119815668,-13.733998975934455
26260,ball_sports,49.72222222222222,28.110599078341014,21.611623143881207
26230,ball_sports,54.722222222222214,56.68202764976959,-1.9598054275473729
26320,ball_sports,41.94444444444444,19.81566820276498,22.128776241679464
26530,ball_sports,50.6094527363184,31.336405529953915,19.273047206364488
26380,ball_sports,41.318407960198996,23.963133640552993,17.355274319646004
26140,ball_sports,38.05555555555556,35.483870967741936,2.571684587813621
26500,ball_sports,50.0,35.944700460829495,14.055299539170505
26470,ball_sports,55.67578772802653,16.589861751152075,39.08592597687445
26200,ball_sports,31.944444444444443,55.29953917050692,-23.355094726062475
26110,ball_sports,44.99999999999999,43.31797235023041,1.68202764976958
26350,ball_sports,46.1111111111111,18.89400921658986,27.21710189452124
11680,ball_sports,78.88888888888889,21.658986175115206,57.22990271377368
11740,ball_sports,66.94444444444446,4.147465437788019,62.796979006656436
11305,ball_sports,39.77197346600332,15.668202764976957,24.10377070102636
11500,ball_sports,72.22222222222221,14.746543778801843,57.47567844342037
11620,ball_sports,82.22222222222221,0.4608294930875576,81.76139272913466
11215,ball_sports,80.83333333333333,2.3041474654377883,78.52918586789554
11530,ball_sports,51.388888888888886,10.138248847926267,41.25064004096262
11545,ball_sports,52.77777777777777,18.433179723502306,34.344598054275465
11350,ball_sports,56.388888888888886,13.82488479262673,42.56400409626215
11320,ball_sports,44.44444444444444,27.188940092165897,17.255504352278546
11230,ball_sports,82.5,2.7649769585253456,79.73502304147465
11590,ball_sports,70.11194029850746,11.52073732718894,58.59120297131852
11440,ball_sports,83.27943615257047,21.19815668202765,62.08127947054282
11410,ball_sports,84.91708126036484,9.67741935483871,75.23966190552613
11650,ball_sports,62.4709784411277,35.02304147465438,27.44793696647332
11200,ball_sports,68.53648424543947,1.8433179723502304,66.69316627308923
11290,ball_sports,78.33333333333333,6.451612903225806,71.88172043010752
11710,ball_sports,73.05555555555556,3.686635944700461,69.3689196108551
11470,ball_sports,58.05555555555556,0.9216589861751152,57.13389656938044
11560,ball_sports,67.5,16.129032258064516,51.37096774193549
11170,ball_sports,75.83333333333333,3.225806451612903,72.60752688172043
11380,ball_sports,55.55555555555556,5.0691244239631335,50.486431131592425
11110,ball_sports,77.22222222222221,32.71889400921659,44.503328213005624
11140,ball_sports,77.66583747927031,1.3824884792626728,76.28334900000763
11260,ball_sports,53.333333333333336,4.6082949308755765,48.725038402457756
36110,ball_sports,95.30679933665007,43.77880184331797,51.5279974933321
31140,ball_sports,58.69402985074627,5.990783410138248,52.70324644060802
31170,ball_sports,67.22222222222223,25.806451612903224,41.415770609319004
31200,ball_sports,77.77777777777779,26.26728110599078,51.51049667178701
31710,ball_sports,53.888888888888886,29.493087557603687,24.3958013312852
31110,ball_sports,45.27777777777777,39.63133640552996,5.646441372247814
28710,ball_sports,22.777777777777775,75.11520737327189,-52.337429595494115
28245,ball_sports,51.11111111111111,5.529953917050691,45.58115719406042
28200,ball_sports,51.06550580431177,12.442396313364055,38.62310949094771
28140,ball_sports,43.05555555555556,57.6036866359447,-14.54813108038914
28177,ball_sports,77.97678275290215,24.88479262672811,53.09199012617404
28237,ball_sports,60.83333333333333,24.42396313364055,36.40937019969277
28260,ball_sports,78.05555555555556,32.25806451612903,45.797491039426525
28185,ball_sports,79.72222222222223,8.294930875576037,71.42729134664619
28720,ball_sports,27.22222222222222,96.31336405529954,-69.09114183307733
28110,ball_sports,80.27777777777779,23.04147465437788,57.23630312339991
46810,ball_sports,24.166666666666664,80.64516129032258,-56.47849462365591
46770,ball_sports,20.0,86.63594470046083,-66.63594470046083
46720,ball_sports,22.570480928689882,20.737327188940093,1.8331537397497897
46230,ball_sports,50.27777777777778,81.10599078341014,-30.828213005632357
46730,ball_sports,18.055555555555554,63.133640552995395,-45.078084997439845
46170,ball_sports,57.106135986732994,22.58064516129032,34.525490825442674
46710,ball_sports,26.38888888888889,57.14285714285714,-30.75396825396825
46110,ball_sports,59.50248756218905,54.83870967741935,4.663777884769701
46840,ball_sports,76.99004975124377,52.07373271889401,24.916317032349767
46780,ball_sports,18.88888888888889,75.57603686635944,-56.68714797747056
46150,ball_sports,47.24295190713101,77.88018433179722,-30.637232424666216
46910,ball_sports,10.713101160862355,83.87096774193549,-73.15786658107314
46130,ball_sports,47.5,69.5852534562212,-22.085253456221196
46870,ball_sports,28.333333333333332,90.32258064516128,-61.98924731182795
46830,ball_sports,81.10696517412936,13.36405529953917,67.74290987459018
46890,ball_sports,35.83333333333333,60.36866359447005,-24.53533026113672
46880,ball_sports,32.77777777777777,97.23502304147466,-64.45724526369689
46800,ball_sports,24.44444444444444,58.06451612903226,-33.62007168458783
46900,ball_sports,36.66666666666667,88.0184331797235,-51.35176651305683
46860,ball_sports,22.499999999999996,87.55760368663594,-65.05760368663594
46820,ball_sports,32.49999999999999,94.93087557603687,-62.430875576036875
46790,ball_sports,33.888888888888886,93.08755760368663,-59.19866871479775
52790,ball_sports,28.055555555555557,34.10138248847927,-6.04582693292371
52130,ball_sports,62.86898839137645,14.285714285714285,48.58327410566216
52210,ball_sports,31.11111111111111,49.30875576036866,-18.19764464925755
52190,ball_sports,27.25953565505804,48.8479262672811,-21.588390612223062
52730,ball_sports,20.833333333333332,70.50691244239631,-49.673579109062985
52800,ball_sports,23.888888888888886,71.88940092165899,-48.000512032770104
52770,ball_sports,23.055555555555554,60.82949308755761,-37.77393753200205
52710,ball_sports,53.05555555555554,61.75115207373272,-8.695596518177176
52140,ball_sports,38.04311774461028,46.54377880184332,-8.500661057233039
52750,ball_sports,16.666666666666664,63.594470046082954,-46.92780337941629
52740,ball_sports,21.38888888888889,66.82027649769586,-45.43138760880697
52113,ball_sports,79.37810945273633,0.0,79.37810945273633
52111,ball_sports,57.49999999999999,0.0,57.49999999999999
52180,ball_sports,30.51409618573797,70.04608294930875,-39.531986763570785
52720,ball_sports,16.944444444444443,90.78341013824884,-73.8389656938044
50130,ball_sports,43.611111111111114,64.51612903225806,-20.90501792114695
50110,ball_sports,51.683250414593694,33.6405529953917,18.042697419201993
44250,ball_sports,83.05555555555554,62.67281105990783,20.382744495647714
44150,ball_sports,35.27777777777777,89.40092165898618,-54.12314388120841
44710,ball_sports,33.61111111111111,44.70046082949309,-11.089349718381982
44230,ball_sports,42.77777777777777,28.57142857142857,14.206349206349202
44270,ball_sports,56.666666666666664,38.70967741935484,17.956989247311824
44180,ball_sports,36.38888888888889,52.995391705069125,-16.60650281618023
44760,ball_sports,25.555555555555554,49.76958525345622,-24.214029697900667
44210,ball_sports,54.99999999999999,41.935483870967744,13.06451612903225
44770,ball_sports,26.666666666666668,47.004608294930875,-20.337941628264208
44200,ball_sports,82.77777777777777,68.66359447004609,14.114183307731679
44810,ball_sports,30.555555555555554,80.18433179723502,-49.62877624167946
44131,ball_sports,63.39966832504146,0.0,63.39966832504146
44133,ball_sports,84.16666666666667,0.0,84.16666666666667
44790,ball_sports,21.666666666666664,59.907834101382484,-38.24116743471582
44825,ball_sports,28.888888888888886,6.912442396313365,21.97644649257552
44800,ball_sports,45.83333333333333,23.502304147465438,22.33102918586789
43760,ball_sports,22.22222222222222,17.972350230414747,4.249871991807474
43800,ball_sports,20.27777777777778,41.474654377880185,-21.196876600102406
43720,ball_sports,32.43781094527363,68.20276497695853,-35.7649540316849
43740,ball_sports,28.312603648424545,67.2811059907834,-38.96850234235886
43730,ball_sports,27.77777777777778,92.62672811059907,-64.84895033282129
43770,ball_sports,69.16666666666667,59.44700460829493,9.719662058371739
43150,ball_sports,38.33333333333333,38.24884792626728,0.08448540706604746
43745,ball_sports,61.47595356550579,29.03225806451613,32.44369550098966
43750,ball_sports,82.26368159203979,77.41935483870968,4.844326753330108
43111,ball_sports,55.41044776119403,0.0,55.41044776119403
43112,ball_sports,62.77777777777778,0.0,62.77777777777778
43114,ball_sports,81.66666666666667,0.0,81.66666666666667
43113,ball_sports,80.55555555555556,0.0,80.55555555555556
43130,ball_sports,38.98424543946932,79.72350230414746,-40.73925686467814
51150,fitness,53.87230514096186,63.133640552995395,-9.261335412033532
51820,fitness,37.5,58.986175115207374,-21.486175115207374
51170,fitness,48.30016583747927,44.23963133640553,4.0605345010737395
51230,fitness,32.786069651741286,64.97695852534562,-32.19088887360434
51210,fitness,39.16666666666666,48.8479262672811,-9.681259600614446
51800,fitness,41.388888888888886,98.15668202764977,-56.76779313876088
51830,fitness,26.111111111111107,90.78341013824884,-64.67229902713774
51750,fitness,23.333333333333332,82.02764976958525,-58.694316436251924
51130,fitness,45.06218905472636,52.995391705069125,-7.933202650342764
51810,fitness,39.444444444444436,93.54838709677419,-54.103942652329756
51770,fitness,24.72222222222222,71.42857142857143,-46.70634920634921
51780,fitness,38.61111111111111,94.93087557603687,-56.31976446492576
51110,fitness,60.37728026533996,57.6036866359447,2.7735936293952648
51190,fitness,42.653399668325044,91.24423963133641,-48.59083996301137
51760,fitness,25.27777777777778,93.08755760368663,-67.80977982590886
51720,fitness,30.0,62.67281105990783,-32.67281105990783
51790,fitness,34.166666666666664,94.00921658986175,-59.84254992319509
51730,fitness,25.83333333333333,85.25345622119815,-59.42012288786482
41820,fitness,30.833333333333336,78.3410138248848,-47.50768049155146
41281,fitness,54.386401326699826,0.0,54.386401326699826
41285,fitness,61.66666666666666,0.0,61.66666666666666
41287,fitness,54.166666666666664,0.0,54.166666666666664
41290,fitness,70.83333333333334,27.188940092165897,43.64439324116745
41210,fitness,60.0,4.6082949308755765,55.39170506912443
41610,fitness,61.94859038142619,40.55299539170507,21.395594989721126
41310,fitness,59.72222222222221,44.70046082949309,15.021761392729118
41410,fitness,58.333333333333336,46.08294930875576,12.250384024577578
41570,fitness,81.38888888888889,31.336405529953915,50.05248335893497
41360,fitness,61.38888888888888,25.34562211981567,36.04326676907321
41250,fitness,44.166666666666664,69.5852534562212,-25.41858678955453
41194,fitness,56.90713101160863,0.0,56.90713101160863
41196,fitness,47.77777777777777,0.0,47.77777777777777
41192,fitness,65.55555555555556,0.0,65.55555555555556
41135,fitness,57.90215588723051,0.0,57.90215588723051
41131,fitness,61.11111111111111,0.0,61.11111111111111
41133,fitness,58.611111111111114,0.0,58.611111111111114
41113,fitness,71.22719734660032,0.0,71.22719734660032
41117,fitness,84.72222222222221,0.0,84.72222222222221
41111,fitness,65.27777777777779,0.0,65.27777777777779
41115,fitness,67.77777777777777,0.0,67.77777777777777
41390,fitness,74.91293532338308,40.09216589861751,34.82076942476557
41273,fitness,82.12686567164178,0.0,82.12686567164178
41271,fitness,65.0,0.0,65.0
41550,fitness,72.77777777777777,65.43778801843318,7.33998975934459
41173,fitness,70.0,0.0,70.0
41171,fitness,53.61111111111111,0.0,53.61111111111111
41630,fitness,63.61111111111111,65.89861751152074,-2.287506400409633
41830,fitness,43.71890547263681,88.94009216589862,-45.22118669326181
41670,fitness,40.55555555555556,58.06451612903226,-17.508960573476706
41800,fitness,35.0,82.94930875576037,-47.94930875576037
41370,fitness,85.30265339966832,35.02304147465438,50.27961192501394
41463,fitness,71.38888888888889,0.0,71.38888888888889
41465,fitness,75.55555555555556,0.0,75.55555555555556
41461,fitness,69.72222222222221,0.0,69.72222222222221
41430,fitness,60.27777777777777,55.76036866359447,4.517409114183302
41150,fitness,44.33665008291873,47.926267281105986,-3.5896171981872556
41500,fitness,76.11111111111111,77.41935483870968,-1.3082437275985654
41480,fitness,71.94444444444444,47.465437788018434,24.47900665642601
41220,fitness,80.0,17.51152073732719,62.48847926267281
41650,fitness,70.98258706467662,67.2811059907834,3.70148107389322
41450,fitness,76.94444444444444,33.6405529953917,43.30389144905274
41590,fitness,74.02985074626865,18.89400921658986,55.135841529678785
48310,fitness,74.72222222222223,17.050691244239633,57.6715309779826
48880,fitness,31.38888888888889,74.65437788018433,-43.26548899129544
48820,fitness,28.61111111111111,94.47004608294931,-65.8589349718382
48250,fitness,75.0,36.86635944700461,38.13364055299539
48840,fitness,18.61111111111111,89.40092165898618,-70.78981054787506
48270,fitness,32.22222222222222,49.30875576036866,-17.08653353814644
48240,fitness,51.40132669983416,75.11520737327189,-23.71388067343773
48860,fitness,17.777777777777775,95.85253456221197,-78.0747567844342
48330,fitness,66.66666666666667,54.377880184331794,12.288786482334878
48720,fitness,21.111111111111107,96.7741935483871,-75.66308243727599
48170,fitness,56.111111111111114,35.483870967741936,20.62724014336918
48740,fitness,30.277777777777775,84.7926267281106,-54.51484895033283
48125,fitness,50.07462686567163,0.0,50.07462686567163
48127,fitness,42.49999999999999,0.0,42.49999999999999
48123,fitness,71.66666666666667,0.0,71.66666666666667
48121,fitness,55.27777777777777,0.0,55.27777777777777
48129,fitness,66.38888888888889,0.0,66.38888888888889
48220,fitness,41.666666666666664,45.16129032258064,-3.4946236559139763
48850,fitness,17.5,88.0184331797235,-70.5184331797235
48730,fitness,45.55555555555555,61.29032258064516,-15.73476702508961
48870,fitness,19.72222222222222,92.62672811059907,-72.90450588837686
48890,fitness,16.11111111111111,83.87096774193549,-67.75985663082437
47290,fitness,70.70066334991708,21.658986175115206,49.041677174801876
47130,fitness,48.88888888888888,34.56221198156682,14.32667690732206
47830,fitness,38.888888888888886,23.963133640552993,14.925755248335893
47190,fitness,67.5787728026534,52.07373271889401,15.505040083759397
47150,fitness,39.71393034825871,26.26728110599078,13.446649242267927
47280,fitness,27.500000000000004,54.83870967741935,-27.33870967741935
47920,fitness,15.555555555555555,71.88940092165899,-56.33384536610343
47250,fitness,25.0,60.82949308755761,-35.82949308755761
47840,fitness,34.44444444444444,32.71889400921659,1.7255504352278521
47170,fitness,33.86401326699834,8.294930875576037,25.569082391422306
47770,fitness,21.944444444444443,88.47926267281106,-66.53481822836662
47760,fitness,16.38888888888889,89.86175115207374,-73.47286226318485
47210,fitness,26.84079601990049,64.0552995391705,-37.21450351927001
47230,fitness,34.72222222222222,72.35023041474655,-37.62800819252433
47900,fitness,35.55555555555555,53.45622119815668,-17.900665642601133
47940,fitness,26.944444444444443,99.53917050691244,-72.594726062468
47930,fitness,33.05555555555556,30.87557603686636,2.1799795186891977
47730,fitness,15.277777777777777,87.09677419354838,-71.81899641577061
47820,fitness,19.166666666666664,87.55760368663594,-68.39093701996927
47750,fitness,17.22222222222222,77.88018433179722,-60.657962109575
47850,fitness,68.61111111111111,7.834101382488479,60.77700972862264
47111,fitness,52.88142620232173,0.0,52.88142620232173
47113,fitness,43.888888888888886,0.0,43.888888888888886
29200,fitness,83.33333333333333,46.54377880184332,36.78955453149001
29155,fitness,52.222222222222214,20.276497695852534,31.94572452636968
29110,fitness,68.8391376451078,66.3594470046083,2.4796906404994985
29170,fitness,51.85323383084576,51.61290322580645,0.24033060503931125
29140,fitness,74.85903814262022,48.38709677419355,26.47194136842667
27720,fitness,15.833333333333332,70.96774193548387,-55.13440860215054
27200,fitness,40.27777777777778,9.67741935483871,30.600358422939067
27290,fitness,46.42205638474295,24.42396313364055,21.9980932511024
27710,fitness,75.27777777777777,6.912442396313365,68.3653353814644
27140,fitness,46.666666666666664,6.451612903225806,40.21505376344086
27230,fitness,59.444444444444436,14.285714285714285,45.15873015873015
27170,fitness,36.94444444444444,18.433179723502306,18.511264720942137
27260,fitness,49.16666666666666,28.110599078341014,21.056067588325643
27110,fitness,76.38888888888889,51.1520737327189,25.23681515616999
30230,fitness,48.33333333333333,34.10138248847927,14.231950844854062
30110,fitness,68.33333333333333,26.72811059907834,41.60522273425499
30170,fitness,69.29519071310116,29.953917050691242,39.34127366240992
30200,fitness,83.6111111111111,14.746543778801843,68.86456733230926
30140,fitness,44.72222222222222,50.23041474654379,-5.508192524321565
26440,fitness,84.44444444444444,45.622119815668206,38.82232462877624
26410,fitness,49.444444444444436,19.35483870967742,30.089605734767016
26710,fitness,63.05555555555556,39.1705069124424,23.88504864311316
26290,fitness,57.40049751243781,41.935483870967744,15.465013641470065
26170,fitness,39.72222222222223,49.76958525345622,-10.047363031233992
26260,fitness,49.72222222222222,35.944700460829495,13.777521761392727
26230,fitness,54.722222222222214,43.77880184331797,10.943420378904243
26320,fitness,41.94444444444444,42.857142857142854,-0.9126984126984112
26530,fitness,50.6094527363184,12.903225806451612,37.70622692986679
26380,fitness,41.318407960198996,57.14285714285714,-15.824449182658142
26140,fitness,38.05555555555556,1.3824884792626728,36.67306707629288
26500,fitness,50.0,39.63133640552996,10.368663594470043
26470,fitness,55.67578772802653,41.013824884792626,14.661962843233901
26200,fitness,31.944444444444443,42.3963133640553,-10.45186891961086
26110,fitness,44.99999999999999,66.82027649769586,-21.820276497695865
26350,fitness,46.1111111111111,3.225806451612903,42.885304659498196
11680,fitness,78.88888888888889,0.4608294930875576,78.42805939580133
11740,fitness,66.94444444444446,16.129032258064516,50.815412186379945
11305,fitness,39.77197346600332,13.36405529953917,26.407918166464146
11500,fitness,72.22222222222221,20.737327188940093,51.48489503328212
11620,fitness,82.22222222222221,11.059907834101383,71.16231438812083
11215,fitness,80.83333333333333,10.599078341013826,70.2342549923195
11530,fitness,51.388888888888886,2.7649769585253456,48.62391193036354
11545,fitness,52.77777777777777,23.04147465437788,29.736303123399892
11350,fitness,56.388888888888886,29.03225806451613,27.356630824372754
11320,fitness,44.44444444444444,31.797235023041477,12.647209421402966
11230,fitness,82.5,11.52073732718894,70.97926267281106
11590,fitness,70.11194029850746,5.529953917050691,64.58198638145677
11440,fitness,83.27943615257047,10.138248847926267,73.1411873046442
11410,fitness,84.91708126036484,15.668202764976957,69.24887849538788
11650,fitness,62.4709784411277,19.81566820276498,42.655310238362716
11200,fitness,68.53648424543947,9.216589861751153,59.319894383688315
11290,fitness,78.33333333333333,7.373271889400922,70.9600614439324
11710,fitness,73.05555555555556,3.686635944700461,69.3689196108551
11470,fitness,58.05555555555556,22.119815668202765,35.935739887352796
11560,fitness,67.5,5.0691244239631335,62.43087557603687
11170,fitness,75.83333333333333,36.405529953917046,39.42780337941628
11380,fitness,55.55555555555556,25.806451612903224,29.749103942652333
11110,fitness,77.22222222222221,17.972350230414747,59.24987199180747
11140,fitness,77.66583747927031,27.64976958525346,50.01606789401685
11260,fitness,53.333333333333336,21.19815668202765,32.135176651305684
36110,fitness,95.30679933665007,70.04608294930875,25.26071638734132
31140,fitness,58.69402985074627,5.990783410138248,52.70324644060802
31170,fitness,67.22222222222223,23.502304147465438,43.71991807475679
31200,fitness,77.77777777777779,50.69124423963134,27.086533538146448
31710,fitness,53.888888888888886,2.3041474654377883,51.5847414234511
31110,fitness,45.27777777777777,11.981566820276496,33.29621095750127
28710,fitness,22.777777777777775,73.73271889400922,-50.95494111623145
28245,fitness,51.11111111111111,24.88479262672811,26.226318484382997
28200,fitness,51.06550580431177,15.207373271889402,35.85813253242237
28140,fitness,43.05555555555556,30.414746543778804,12.640809011776753
28177,fitness,77.97678275290215,1.8433179723502304,76.13346478055192
28237,fitness,60.83333333333333,8.755760368663594,52.077572964669734
28260,fitness,78.05555555555556,13.82488479262673,64.23067076292882
28185,fitness,79.72222222222223,4.147465437788019,75.57475678443421
28720,fitness,27.22222222222222,92.16589861751152,-64.94367639528929
28110,fitness,80.27777777777779,12.442396313364055,67.83538146441373
46810,fitness,24.166666666666664,100.0,-75.83333333333334
46770,fitness,20.0,84.33179723502305,-64.33179723502305
46720,fitness,22.570480928689882,76.036866359447,-53.46638543075712
46230,fitness,50.27777777777778,63.594470046082954,-13.316692268305175
46730,fitness,18.055555555555554,79.26267281105991,-61.20711725550436
46170,fitness,57.106135986732994,38.24884792626728,18.857288060465713
46710,fitness,26.38888888888889,80.64516129032258,-54.25627240143369
46110,fitness,59.50248756218905,56.68202764976959,2.820459912419466
46840,fitness,76.99004975124377,64.51612903225806,12.47392071898571
46780,fitness,18.88888888888889,69.12442396313364,-50.23553507424475
46150,fitness,47.24295190713101,29.493087557603687,17.74986434952732
46910,fitness,10.713101160862355,32.25806451612903,-21.544963355266677
46130,fitness,47.5,33.17972350230415,14.32027649769585
46870,fitness,28.333333333333332,83.41013824884793,-55.0768049155146
46830,fitness,81.10696517412936,55.29953917050692,25.80742600362244
46890,fitness,35.83333333333333,47.004608294930875,-11.171274961597547
46880,fitness,32.77777777777777,56.22119815668203,-23.443420378904257
46800,fitness,24.44444444444444,81.5668202764977,-57.12237583205325
46900,fitness,36.66666666666667,81.10599078341014,-44.439324116743464
46860,fitness,22.499999999999996,86.63594470046083,-64.13594470046083
46820,fitness,32.49999999999999,75.57603686635944,-43.07603686635945
46790,fitness,33.888888888888886,76.95852534562212,-43.069636456733235
52790,fitness,28.055555555555557,90.32258064516128,-62.267025089605724
52130,fitness,62.86898839137645,37.78801843317972,25.080969958196725
52210,fitness,31.11111111111111,58.525345622119815,-27.414234511008704
52190,fitness,27.25953565505804,67.74193548387096,-40.482399828812916
52730,fitness,20.833333333333332,97.23502304147466,-76.40168970814133
52800,fitness,23.888888888888886,78.80184331797236,-54.91295442908347
52770,fitness,23.055555555555554,98.61751152073732,-75.56195596518177
52710,fitness,53.05555555555554,74.19354838709677,-21.137992831541226
52140,fitness,38.04311774461028,61.75115207373272,-23.70803432912244
52750,fitness,16.666666666666664,96.31336405529954,-79.64669738863287
52740,fitness,21.38888888888889,97.6958525345622,-76.30696364567332
52113,fitness,79.37810945273633,0.0,79.37810945273633
52111,fitness,57.49999999999999,0.0,57.49999999999999
52180,fitness,30.51409618573797,52.53456221198156,-22.02046602624359
52720,fitness,16.944444444444443,99.07834101382488,-82.13389656938044
50130,fitness,43.611111111111114,82.48847926267281,-38.8773681515617
50110,fitness,51.683250414593694,53.91705069124424,-2.2338002766505483
44250,fitness,83.05555555555554,37.327188940092164,45.72836661546338
44150,fitness,35.27777777777777,68.66359447004609,-33.38581669226832
44710,fitness,33.61111111111111,95.39170506912443,-61.78059395801332
44230,fitness,42.77777777777777,59.907834101382484,-17.130056323604713
44270,fitness,56.666666666666664,16.589861751152075,40.076804915514586
44180,fitness,36.38888888888889,28.57142857142857,7.817460317460323
44760,fitness,25.555555555555554,59.44700460829493,-33.891449052739375
44210,fitness,54.99999999999999,0.9216589861751152,54.078341013824875
44770,fitness,26.666666666666668,85.71428571428571,-59.04761904761904
44200,fitness,82.77777777777777,22.58064516129032,60.19713261648745
44810,fitness,30.555555555555554,76.49769585253456,-45.942140296979005
44131,fitness,63.39966832504146,0.0,63.39966832504146
44133,fitness,84.16666666666667,0.0,84.16666666666667
44790,fitness,21.666666666666664,91.70506912442397,-70.03840245775731
44825,fitness,28.888888888888886,60.36866359447005,-31.479774705581164
44800,fitness,45.83333333333333,68.20276497695853,-22.369431643625205
43760,fitness,22.22222222222222,43.31797235023041,-21.09575012800819
43800,fitness,20.27777777777778,79.72350230414746,-59.44572452636968
43720,fitness,32.43781094527363,86.17511520737328,-53.73730426209965
43740,fitness,28.312603648424545,70.50691244239631,-42.19430879397177
43730,fitness,27.77777777777778,72.81105990783409,-45.033282130056314
43770,fitness,69.16666666666667,38.70967741935484,30.45698924731183
43150,fitness,38.33333333333333,62.21198156682027,-23.878648233486942
43745,fitness,61.47595356550579,73.27188940092167,-11.795935835415875
43750,fitness,82.26368159203979,80.18433179723502,2.07934979480477
43111,fitness,55.41044776119403,0.0,55.41044776119403
43112,fitness,62.77777777777778,0.0,62.77777777777778
43114,fitness,81.66666666666667,0.0,81.66666666666667
43113,fitness,80.55555555555556,0.0,80.55555555555556
43130,fitness,38.98424543946932,41.474654377880185,-2.490408938410866
51150,swimming,53.87230514096186,41.5,12.372305140961863
51820,swimming,37.5,66.5,-29.0
51170,swimming,48.30016583747927,90.0,-41.69983416252073
51230,swimming,32.786069651741286,84.5,-51.713930348258714
51210,swimming,39.16666666666666,45.5,-6.333333333333343
51800,swimming,41.388888888888886,98.0,-56.611111111111114
51830,swimming,26.111111111111107,98.5,-72.38888888888889
51750,swimming,23.333333333333332,89.0,-65.66666666666667
51130,swimming,45.06218905472636,56.99999999999999,-11.937810945273633
51810,swimming,39.444444444444436,0.0,39.444444444444436
51770,swimming,24.72222222222222,0.0,24.72222222222222
51780,swimming,38.61111111111111,47.0,-8.388888888888893
51110,swimming,60.37728026533996,82.5,-22.122719734660038
51190,swimming,42.653399668325044,85.5,-42.846600331674956
51760,swimming,25.27777777777778,0.0,25.27777777777778
51720,swimming,30.0,92.0,-62.0
51790,swimming,34.166666666666664,85.0,-50.833333333333336
51730,swimming,25.83333333333333,93.5,-67.66666666666667
41820,swimming,30.833333333333336,93.0,-62.166666666666664
41281,swimming,54.386401326699826,0.0,54.386401326699826
41285,swimming,61.66666666666666,0.0,61.66666666666666
41287,swimming,54.166666666666664,0.0,54.166666666666664
41290,swimming,70.83333333333334,91.5,-20.666666666666657
41210,swimming,60.0,51.5,8.5
41610,swimming,61.94859038142619,44.0,17.948590381426193
41310,swimming,59.72222222222221,64.5,-4.777777777777793
41410,swimming,58.333333333333336,74.0,-15.666666666666664
41570,swimming,81.38888888888889,48.0,33.388888888888886
41360,swimming,61.38888888888888,50.5,10.888888888888879
41250,swimming,44.166666666666664,35.5,8.666666666666664
41194,swimming,56.90713101160863,0.0,56.90713101160863
41196,swimming,47.77777777777777,0.0,47.77777777777777
41192,swimming,65.55555555555556,0.0,65.55555555555556
41135,swimming,57.90215588723051,0.0,57.90215588723051
41131,swimming,61.11111111111111,0.0,61.11111111111111
41133,swimming,58.611111111111114,0.0,58.611111111111114
41113,swimming,71.22719734660032,0.0,71.22719734660032
41117,swimming,84.72222222222221,0.0,84.72222222222221
41111,swimming,65.27777777777779,0.0,65.27777777777779
41115,swimming,67.77777777777777,0.0,67.77777777777777
41390,swimming,74.91293532338308,70.0,4.912935323383081
41273,swimming,82.12686567164178,0.0,82.12686567164178
41271,swimming,65.0,0.0,65.0
41550,swimming,72.77777777777777,37.5,35.27777777777777
41173,swimming,70.0,0.0,70.0
41171,swimming,53.61111111111111,0.0,53.61111111111111
41630,swimming,63.61111111111111,78.0,-14.388888888888893
41830,swimming,43.71890547263681,23.5,20.218905472636813
41670,swimming,40.55555555555556,46.5,-5.944444444444443
41800,swimming,35.0,81.0,-46.0
41370,swimming,85.30265339966832,26.5,58.802653399668316
41463,swimming,71.38888888888889,0.0,71.38888888888889
41465,swimming,75.55555555555556,0.0,75.55555555555556
41461,swimming,69.72222222222221,0.0,69.72222222222221
41430,swimming,60.27777777777777,79.0,-18.72222222222223
41150,swimming,44.33665008291873,27.500000000000004,16.836650082918727
41500,swimming,76.11111111111111,36.0,40.111111111111114
41480,swimming,71.94444444444444,64.0,7.944444444444443
41220,swimming,80.0,21.5,58.5
41650,swimming,70.98258706467662,38.5,32.48258706467662
41450,swimming,76.94444444444444,47.5,29.444444444444443
41590,swimming,74.02985074626865,44.5,29.52985074626865
48310,swimming,74.72222222222223,49.0,25.72222222222223
48880,swimming,31.38888888888889,0.0,31.38888888888889
48820,swimming,28.61111111111111,90.5,-61.888888888888886
48250,swimming,75.0,38.0,37.0
48840,swimming,18.61111111111111,95.0,-76.38888888888889
48270,swimming,32.22222222222222,54.0,-21.77777777777778
48240,swimming,51.40132669983416,68.0,-16.598673300165842
48860,swimming,17.777777777777775,96.0,-78.22222222222223
48330,swimming,66.66666666666667,78.5,-11.833333333333329
48720,swimming,21.111111111111107,99.0,-77.88888888888889
48170,swimming,56.111111111111114,40.0,16.111111111111114
48740,swimming,30.277777777777775,23.0,7.277777777777775
48125,swimming,50.07462686567163,0.0,50.07462686567163
48127,swimming,42.49999999999999,0.0,42.49999999999999
48123,swimming,71.66666666666667,0.0,71.66666666666667
48121,swimming,55.27777777777777,0.0,55.27777777777777
48129,swimming,66.38888888888889,0.0,66.38888888888889
48220,swimming,41.666666666666664,62.0,-20.333333333333336
48850,swimming,17.5,0.0,17.5
48730,swimming,45.55555555555555,15.5,30.05555555555555
48870,swimming,19.72222222222222,89.5,-69.77777777777777
48890,swimming,16.11111111111111,82.0,-65.88888888888889
47290,swimming,70.70066334991708,6.5,64.20066334991708
47130,swimming,48.88888888888888,14.499999999999998,34.38888888888888
47830,swimming,38.888888888888886,50.0,-11.111111111111114
47190,swimming,67.5787728026534,15.0,52.578772802653404
47150,swimming,39.71393034825871,52.5,-12.786069651741293
47280,swimming,27.500000000000004,60.0,-32.5
47920,swimming,15.555555555555555,68.5,-52.94444444444444
47250,swimming,25.0,8.5,16.5
47840,swimming,34.44444444444444,75.0,-40.55555555555556
47170,swimming,33.86401326699834,29.5,4.364013266998342
47770,swimming,21.944444444444443,53.0,-31.055555555555557
47760,swimming,16.38888888888889,94.5,-78.11111111111111
47210,swimming,26.84079601990049,56.00000000000001,-29.159203980099516
47230,swimming,34.72222222222222,5.5,29.22222222222222
47900,swimming,35.55555555555555,87.5,-51.94444444444445
47940,swimming,26.944444444444443,0.0,26.944444444444443
47930,swimming,33.05555555555556,35.0,-1.9444444444444429
47730,swimming,15.277777777777777,94.0,-78.72222222222223
47820,swimming,19.166666666666664,83.0,-63.833333333333336
47750,swimming,17.22222222222222,76.0,-58.77777777777778
47850,swimming,68.61111111111111,42.5,26.111111111111114
47111,swimming,52.88142620232173,0.0,52.88142620232173
47113,swimming,43.888888888888886,0.0,43.888888888888886
29200,swimming,83.33333333333333,45.0,38.33333333333333
29155,swimming,52.222222222222214,71.5,-19.277777777777786
29110,swimming,68.8391376451078,79.5,-10.660862354892203
29170,swimming,51.85323383084576,52.0,-0.14676616915424034
29140,swimming,74.85903814262022,55.50000000000001,19.359038142620214
27720,swimming,15.833333333333332,80.5,-64.66666666666667
27200,swimming,40.27777777777778,2.0,38.27777777777778
27290,swimming,46.42205638474295,13.0,33.42205638474295
27710,swimming,75.27777777777777,48.5,26.77777777777777
27140,swimming,46.666666666666664,4.0,42.666666666666664
27230,swimming,59.444444444444436,12.0,47.444444444444436
27170,swimming,36.94444444444444,7.000000000000001,29.944444444444443
27260,swimming,49.16666666666666,16.0,33.16666666666666
27110,swimming,76.38888888888889,0.0,76.38888888888889
30230,swimming,48.33333333333333,61.0,-12.666666666666671
30110,swimming,68.33333333333333,19.0,49.33333333333333
30170,swimming,69.29519071310116,43.5,25.795190713101164
30200,swimming,83.6111111111111,18.0,65.6111111111111
30140,swimming,44.72222222222222,34.0,10.722222222222221
26440,swimming,84.44444444444444,34.5,49.94444444444444
26410,swimming,49.444444444444436,53.5,-4.055555555555564
26710,swimming,63.05555555555556,70.5,-7.444444444444443
26290,swimming,57.40049751243781,39.0,18.40049751243781
26170,swimming,39.72222222222223,62.5,-22.77777777777777
26260,swimming,49.72222222222222,73.0,-23.27777777777778
26230,swimming,54.722222222222214,8.0,46.722222222222214
26320,swimming,41.94444444444444,51.0,-9.055555555555557
26530,swimming,50.6094527363184,24.5,26.109452736318403
26380,swimming,41.318407960198996,41.0,0.3184079601989964
26140,swimming,38.05555555555556,87.0,-48.94444444444444
26500,swimming,50.0,86.0,-36.0
26470,swimming,55.67578772802653,33.5,22.175787728026528
26200,swimming,31.944444444444443,32.0,-0.055555555555557135
26110,swimming,44.99999999999999,0.0,44.99999999999999
26350,swimming,46.1111111111111,57.99999999999999,-11.888888888888893
11680,swimming,78.88888888888889,4.5,74.38888888888889
11740,swimming,66.94444444444446,17.0,49.94444444444446
11305,swimming,39.77197346600332,28.000000000000004,11.771973466003313
11500,swimming,72.22222222222221,11.0,61.222222222222214
11620,swimming,82.22222222222221,11.5,70.72222222222221
11215,swimming,80.83333333333333,9.5,71.33333333333333
11530,swimming,51.388888888888886,24.0,27.388888888888886
11545,swimming,52.77777777777777,5.0,47.77777777777777
11350,swimming,56.388888888888886,42.0,14.388888888888886
11320,swimming,44.44444444444444,25.5,18.944444444444443
11230,swimming,82.5,13.5,69.0
11590,swimming,70.11194029850746,18.5,51.61194029850746
11440,swimming,83.27943615257047,14.000000000000002,69.27943615257047
11410,swimming,84.91708126036484,20.5,64.41708126036484
11650,swimming,62.4709784411277,56.49999999999999,5.970978441127706
11200,swimming,68.53648424543947,17.5,51.03648424543947
11290,swimming,78.33333333333333,20.0,58.33333333333333
11710,swimming,73.05555555555556,7.5,65.55555555555556
11470,swimming,58.05555555555556,32.5,25.555555555555557
11560,swimming,67.5,12.5,55.0
11170,swimming,75.83333333333333,36.5,39.33333333333333
11380,swimming,55.55555555555556,46.0,9.555555555555557
11110,swimming,77.22222222222221,54.50000000000001,22.722222222222207
11140,swimming,77.66583747927031,60.5,17.16583747927031
11260,swimming,53.333333333333336,16.5,36.833333333333336
36110,swimming,95.30679933665007,88.0,7.306799336650073
31140,swimming,58.69402985074627,27.0,31.69402985074627
31170,swimming,67.22222222222223,26.0,41.22222222222223
31200,swimming,77.77777777777779,30.5,47.277777777777786
31710,swimming,53.888888888888886,1.0,52.888888888888886
31110,swimming,45.27777777777777,30.0,15.277777777777771
28710,swimming,22.777777777777775,57.49999999999999,-34.722222222222214
28245,swimming,51.11111111111111,2.5,48.61111111111111
28200,swimming,51.06550580431177,28.499999999999996,22.565505804311773
28140,swimming,43.05555555555556,19.5,23.555555555555557
28177,swimming,77.97678275290215,0.5,77.47678275290215
28237,swimming,60.83333333333333,22.0,38.83333333333333
28260,swimming,78.05555555555556,63.5,14.555555555555557
28185,swimming,79.72222222222223,3.0,76.72222222222223
28720,swimming,27.22222222222222,0.0,27.22222222222222
28110,swimming,80.27777777777779,77.0,3.2777777777777857
46810,swimming,24.166666666666664,92.5,-68.33333333333334
46770,swimming,20.0,61.5,-41.5
46720,swimming,22.570480928689882,72.5,-49.92951907131012
46230,swimming,50.27777777777778,86.5,-36.22222222222222
46730,swimming,18.055555555555554,76.5,-58.44444444444444
46170,swimming,57.106135986732994,75.5,-18.393864013267006
46710,swimming,26.38888888888889,80.0,-53.611111111111114
46110,swimming,59.50248756218905,25.0,34.50248756218905
46840,swimming,76.99004975124377,67.5,9.490049751243774
46780,swimming,18.88888888888889,0.0,18.88888888888889
46150,swimming,47.24295190713101,67.0,-19.75704809286899
46910,swimming,10.713101160862355,0.0,10.713101160862355
46130,swimming,47.5,71.0,-23.5
46870,swimming,28.333333333333332,77.5,-49.16666666666667
46830,swimming,81.10696517412936,49.5,31.606965174129357
46890,swimming,35.83333333333333,74.5,-38.66666666666667
46880,swimming,32.77777777777777,97.5,-64.72222222222223
46800,swimming,24.44444444444444,88.5,-64.05555555555556
46900,swimming,36.66666666666667,59.5,-22.83333333333333
46860,swimming,22.499999999999996,65.0,-42.5
46820,swimming,32.49999999999999,91.0,-58.50000000000001
46790,swimming,33.888888888888886,81.5,-47.611111111111114
52790,swimming,28.055555555555557,69.5,-41.44444444444444
52130,swimming,62.86898839137645,55.00000000000001,7.8689883913764405
52210,swimming,31.11111111111111,10.5,20.61111111111111
52190,swimming,27.25953565505804,95.5,-68.24046434494196
52730,swimming,20.833333333333332,96.5,-75.66666666666667
52800,swimming,23.888888888888886,39.5,-15.611111111111114
52770,swimming,23.055555555555554,73.5,-50.44444444444444
52710,swimming,53.05555555555554,31.5,21.555555555555543
52140,swimming,38.04311774461028,65.5,-27.456882255389722
52750,swimming,16.666666666666664,97.0,-80.33333333333334
52740,swimming,21.38888888888889,84.0,-62.611111111111114
52113,swimming,79.37810945273633,0.0,79.37810945273633
52111,swimming,57.49999999999999,0.0,57.49999999999999
52180,swimming,30.51409618573797,69.0,-38.48590381426203
52720,swimming,16.944444444444443,99.5,-82.55555555555556
50130,swimming,43.611111111111114,1.5,42.111111111111114
50110,swimming,51.683250414593694,33.0,18.683250414593694
44250,swimming,83.05555555555554,0.0,83.05555555555554
44150,swimming,35.27777777777777,31.0,4.2777777777777715
44710,swimming,33.61111111111111,0.0,33.61111111111111
44230,swimming,42.77777777777777,43.0,-0.22222222222222854
44270,swimming,56.666666666666664,9.0,47.666666666666664
44180,swimming,36.38888888888889,6.0,30.388888888888893
44760,swimming,25.555555555555554,0.0,25.555555555555554
44210,swimming,54.99999999999999,22.5,32.49999999999999
44770,swimming,26.666666666666668,0.0,26.666666666666668
44200,swimming,82.77777777777777,40.5,42.27777777777777
44810,swimming,30.555555555555554,10.0,20.555555555555554
44131,swimming,63.39966832504146,0.0,63.39966832504146
44133,swimming,84.16666666666667,0.0,84.16666666666667
44790,swimming,21.666666666666664,100.0,-78.33333333333334
44825,swimming,28.888888888888886,21.0,7.888888888888886
44800,swimming,45.83333333333333,28.999999999999996,16.833333333333332
43760,swimming,22.22222222222222,0.0,22.22222222222222
43800,swimming,20.27777777777778,66.0,-45.72222222222222
43720,swimming,32.43781094527363,63.0,-30.562189054726367
43740,swimming,28.312603648424545,0.0,28.312603648424545
43730,swimming,27.77777777777778,37.0,-9.222222222222221
43770,swimming,69.16666666666667,59.0,10.166666666666671
43150,swimming,38.33333333333333,3.5000000000000004,34.83333333333333
43745,swimming,61.47595356550579,83.5,-22.02404643449421
43750,swimming,82.26368159203979,72.0,10.263681592039788
43111,swimming,55.41044776119403,0.0,55.41044776119403
43112,swimming,62.77777777777778,0.0,62.77777777777778
43114,swimming,81.66666666666667,0.0,81.66666666666667
43113,swimming,80.55555555555556,0.0,80.55555555555556
43130,swimming,38.98424543946932,58.5,-19.51575456053068
51150,pilates_yoga,53.87230514096186,16.27906976744186,37.59323537352
51820,pilates_yoga,37.5,0.0,37.5
51170,pilates_yoga,48.30016583747927,4.651162790697675,43.649003046781594
51230,pilates_yoga,32.786069651741286,55.23255813953488,-22.446488487793594
51210,pilates_yoga,39.16666666666666,91.86046511627907,-52.693798449612416
51800,pilates_yoga,41.388888888888886,100.0,-58.611111111111114
51830,pilates_yoga,26.111111111111107,0.0,26.111111111111107
51750,pilates_yoga,23.333333333333332,0.0,23.333333333333332
51130,pilates_yoga,45.06218905472636,99.4186046511628,-54.356415596436435
51810,pilates_yoga,39.444444444444436,55.81395348837209,-16.369509043927657
51770,pilates_yoga,24.72222222222222,0.0,24.72222222222222
51780,pilates_yoga,38.61111111111111,0.0,38.61111111111111
51110,pilates_yoga,60.37728026533996,96.51162790697676,-36.13434764163679
51190,pilates_yoga,42.653399668325044,84.88372093023256,-42.23032126190751
51760,pilates_yoga,25.27777777777778,0.0,25.27777777777778
51720,pilates_yoga,30.0,9.883720930232558,20.116279069767444
51790,pilates_yoga,34.166666666666664,0.0,34.166666666666664
51730,pilates_yoga,25.83333333333333,70.34883720930233,-44.515503875969
41820,pilates_yoga,30.833333333333336,11.627906976744185,19.20542635658915
41281,pilates_yoga,54.386401326699826,0.0,54.386401326699826
41285,pilates_yoga,61.66666666666666,0.0,61.66666666666666
41287,pilates_yoga,54.166666666666664,0.0,54.166666666666664
41290,pilates_yoga,70.83333333333334,0.0,70.83333333333334
41210,pilates_yoga,60.0,64.53488372093024,-4.534883720930239
41610,pilates_yoga,61.94859038142619,56.97674418604651,4.971846195379683
41310,pilates_yoga,59.72222222222221,75.5813953488372,-15.859173126614998
41410,pilates_yoga,58.333333333333336,41.86046511627907,16.472868217054263
41570,pilates_yoga,81.38888888888889,65.69767441860465,15.691214470284237
41360,pilates_yoga,61.38888888888888,89.53488372093024,-28.14599483204136
41250,pilates_yoga,44.166666666666664,77.32558139534885,-33.158914728682184
41194,pilates_yoga,56.90713101160863,0.0,56.90713101160863
41196,pilates_yoga,47.77777777777777,0.0,47.77777777777777
41192,pilates_yoga,65.55555555555556,0.0,65.55555555555556
41135,pilates_yoga,57.90215588723051,0.0,57.90215588723051
41131,pilates_yoga,61.11111111111111,0.0,61.11111111111111
41133,pilates_yoga,58.611111111111114,0.0,58.611111111111114
41113,pilates_yoga,71.22719734660032,0.0,71.22719734660032
41117,pilates_yoga,84.72222222222221,0.0,84.72222222222221
41111,pilates_yoga,65.27777777777779,0.0,65.27777777777779
41115,pilates_yoga,67.77777777777777,0.0,67.77777777777777
41390,pilates_yoga,74.91293532338308,44.18604651162791,30.726888811755174
41273,pilates_yoga,82.12686567164178,0.0,82.12686567164178
41271,pilates_yoga,65.0,0.0,65.0
41550,pilates_yoga,72.77777777777777,5.813953488372093,66.96382428940568
41173,pilates_yoga,70.0,0.0,70.0
41171,pilates_yoga,53.61111111111111,0.0,53.61111111111111
41630,pilates_yoga,63.61111111111111,90.69767441860465,-27.08656330749354
41830,pilates_yoga,43.71890547263681,50.58139534883721,-6.862489876200399
41670,pilates_yoga,40.55555555555556,68.6046511627907,-28.049095607235145
41800,pilates_yoga,35.0,0.0,35.0
41370,pilates_yoga,85.30265339966832,59.883720930232556,25.41893246943576
41463,pilates_yoga,71.38888888888889,0.0,71.38888888888889
41465,pilates_yoga,75.55555555555556,0.0,75.55555555555556
41461,pilates_yoga,69.72222222222221,0.0,69.72222222222221
41430,pilates_yoga,60.27777777777777,32.55813953488372,27.71963824289405
41150,pilates_yoga,44.33665008291873,76.74418604651163,-32.4075359635929
41500,pilates_yoga,76.11111111111111,50.0,26.111111111111114
41480,pilates_yoga,71.94444444444444,98.83720930232558,-26.892764857881133
41220,pilates_yoga,80.0,92.44186046511628,-12.441860465116278
41650,pilates_yoga,70.98258706467662,33.72093023255814,37.26165683211848
41450,pilates_yoga,76.94444444444444,83.72093023255815,-6.776485788113703
41590,pilates_yoga,74.02985074626865,30.23255813953488,43.79729260673377
48310,pilates_yoga,74.72222222222223,88.37209302325581,-13.649870801033586
48880,pilates_yoga,31.38888888888889,0.0,31.38888888888889
48820,pilates_yoga,28.61111111111111,62.7906976744186,-34.179586563307495
48250,pilates_yoga,75.0,58.139534883720934,16.860465116279066
48840,pilates_yoga,18.61111111111111,0.0,18.61111111111111
48270,pilates_yoga,32.22222222222222,63.95348837209303,-31.731266149870805
48240,pilates_yoga,51.40132669983416,60.46511627906976,-9.063789579235603
48860,pilates_yoga,17.777777777777775,0.0,17.777777777777775
48330,pilates_yoga,66.66666666666667,79.65116279069767,-12.984496124030997
48720,pilates_yoga,21.111111111111107,68.02325581395348,-46.912144702842376
48170,pilates_yoga,56.111111111111114,39.53488372093023,16.576227390180883
48740,pilates_yoga,30.277777777777775,14.534883720930234,15.742894056847542
48125,pilates_yoga,50.07462686567163,0.0,50.07462686567163
48127,pilates_yoga,42.49999999999999,0.0,42.49999999999999
48123,pilates_yoga,71.66666666666667,0.0,71.66666666666667
48121,pilates_yoga,55.27777777777777,0.0,55.27777777777777
48129,pilates_yoga,66.38888888888889,0.0,66.38888888888889
48220,pilates_yoga,41.666666666666664,75.0,-33.333333333333336
48850,pilates_yoga,17.5,0.0,17.5
48730,pilates_yoga,45.55555555555555,7.55813953488372,37.99741602067183
48870,pilates_yoga,19.72222222222222,98.25581395348837,-78.53359173126614
48890,pilates_yoga,16.11111111111111,0.0,16.11111111111111
47290,pilates_yoga,70.70066334991708,1.744186046511628,68.95647730340545
47130,pilates_yoga,48.88888888888888,2.3255813953488373,46.563307493540044
47830,pilates_yoga,38.888888888888886,0.0,38.888888888888886
47190,pilates_yoga,67.5787728026534,53.48837209302325,14.090400709630153
47150,pilates_yoga,39.71393034825871,0.0,39.71393034825871
47280,pilates_yoga,27.500000000000004,43.604651162790695,-16.10465116279069
47920,pilates_yoga,15.555555555555555,0.0,15.555555555555555
47250,pilates_yoga,25.0,51.162790697674424,-26.162790697674424
47840,pilates_yoga,34.44444444444444,22.674418604651162,11.77002583979328
47170,pilates_yoga,33.86401326699834,5.232558139534884,28.631455127463457
47770,pilates_yoga,21.944444444444443,0.0,21.944444444444443
47760,pilates_yoga,16.38888888888889,0.0,16.38888888888889
47210,pilates_yoga,26.84079601990049,19.186046511627907,7.654749508272584
47230,pilates_yoga,34.72222222222222,3.488372093023256,31.233850129198967
47900,pilates_yoga,35.55555555555555,0.0,35.55555555555555
47940,pilates_yoga,26.944444444444443,0.0,26.944444444444443
47930,pilates_yoga,33.05555555555556,20.348837209302324,12.706718346253233
47730,pilates_yoga,15.277777777777777,0.0,15.277777777777777
47820,pilates_yoga,19.166666666666664,0.0,19.166666666666664
47750,pilates_yoga,17.22222222222222,0.0,17.22222222222222
47850,pilates_yoga,68.61111111111111,26.744186046511626,41.866925064599485
47111,pilates_yoga,52.88142620232173,0.0,52.88142620232173
47113,pilates_yoga,43.888888888888886,0.0,43.888888888888886
29200,pilates_yoga,83.33333333333333,76.16279069767442,7.170542635658904
29155,pilates_yoga,52.222222222222214,66.86046511627907,-14.638242894056859
29110,pilates_yoga,68.8391376451078,57.55813953488372,11.280998110224076
29170,pilates_yoga,51.85323383084576,83.13953488372093,-31.286301052875167
29140,pilates_yoga,74.85903814262022,97.67441860465115,-22.81538046203093
27720,pilates_yoga,15.833333333333332,0.0,15.833333333333332
27200,pilates_yoga,40.27777777777778,6.395348837209303,33.882428940568474
27290,pilates_yoga,46.42205638474295,52.90697674418605,-6.484920359443102
27710,pilates_yoga,75.27777777777777,41.27906976744186,33.99870801033591
27140,pilates_yoga,46.666666666666664,25.0,21.666666666666664
27230,pilates_yoga,59.444444444444436,40.69767441860465,18.746770025839787
27170,pilates_yoga,36.94444444444444,13.372093023255813,23.57235142118863
27260,pilates_yoga,49.16666666666666,90.11627906976744,-40.94961240310079
27110,pilates_yoga,76.38888888888889,91.27906976744185,-14.890180878552968
30230,pilates_yoga,48.33333333333333,12.790697674418606,35.54263565891472
30110,pilates_yoga,68.33333333333333,34.883720930232556,33.44961240310077
30170,pilates_yoga,69.29519071310116,72.67441860465115,-3.379227891549988
30200,pilates_yoga,83.6111111111111,46.51162790697674,37.09948320413436
30140,pilates_yoga,44.72222222222222,80.81395348837209,-36.09173126614987
26440,pilates_yoga,84.44444444444444,73.25581395348837,11.188630490956072
26410,pilates_yoga,49.444444444444436,28.488372093023255,20.95607235142118
26710,pilates_yoga,63.05555555555556,78.48837209302324,-15.432816537467687
26290,pilates_yoga,57.40049751243781,30.813953488372093,26.586544024065716
26170,pilates_yoga,39.72222222222223,84.30232558139535,-44.58010335917312
26260,pilates_yoga,49.72222222222222,70.93023255813954,-21.208010335917315
26230,pilates_yoga,54.722222222222214,87.79069767441861,-33.068475452196395
26320,pilates_yoga,41.94444444444444,73.83720930232558,-31.892764857881133
26530,pilates_yoga,50.6094527363184,54.65116279069767,-4.041710054379266
26380,pilates_yoga,41.318407960198996,31.3953488372093,9.923059122989695
26140,pilates_yoga,38.05555555555556,61.627906976744185,-23.57235142118863
26500,pilates_yoga,50.0,36.627906976744185,13.372093023255815
26470,pilates_yoga,55.67578772802653,82.55813953488372,-26.882351806857194
26200,pilates_yoga,31.944444444444443,38.372093023255815,-6.427648578811372
26110,pilates_yoga,44.99999999999999,22.093023255813954,22.90697674418604
26350,pilates_yoga,46.1111111111111,71.51162790697676,-25.400516795865656
11680,pilates_yoga,78.88888888888889,45.93023255813954,32.95865633074935
11740,pilates_yoga,66.94444444444446,37.2093023255814,29.73514211886306
11305,pilates_yoga,39.77197346600332,36.04651162790697,3.7254618380963436
11500,pilates_yoga,72.22222222222221,35.46511627906977,36.757105943152446
11620,pilates_yoga,82.22222222222221,27.906976744186046,54.31524547803617
11215,pilates_yoga,80.83333333333333,25.581395348837212,55.25193798449612
11530,pilates_yoga,51.388888888888886,29.651162790697676,21.73772609819121
11545,pilates_yoga,52.77777777777777,69.18604651162791,-16.408268733850136
11350,pilates_yoga,56.388888888888886,81.3953488372093,-25.006459948320412
11320,pilates_yoga,44.44444444444444,48.837209302325576,-4.392764857881133
11230,pilates_yoga,82.5,6.976744186046512,75.52325581395348
11590,pilates_yoga,70.11194029850746,27.325581395348834,42.78635890315863
11440,pilates_yoga,83.27943615257047,19.767441860465116,63.511994292105356
11410,pilates_yoga,84.91708126036484,69.76744186046511,15.149639399899726
11650,pilates_yoga,62.4709784411277,45.348837209302324,17.122141231825374
11200,pilates_yoga,68.53648424543947,10.465116279069768,58.0713679663697
11290,pilates_yoga,78.33333333333333,37.7906976744186,40.542635658914726
11710,pilates_yoga,73.05555555555556,38.95348837209303,34.10206718346253
11470,pilates_yoga,58.05555555555556,47.674418604651166,10.381136950904391
11560,pilates_yoga,67.5,29.069767441860467,38.43023255813954
11170,pilates_yoga,75.83333333333333,15.69767441860465,60.13565891472868
11380,pilates_yoga,55.55555555555556,54.06976744186046,1.4857881136950937
11110,pilates_yoga,77.22222222222221,8.720930232558139,68.50129198966408
11140,pilates_yoga,77.66583747927031,23.25581395348837,54.41002352578194
11260,pilates_yoga,53.333333333333336,72.09302325581395,-18.75968992248061
36110,pilates_yoga,95.30679933665007,86.62790697674419,8.678892359905888
31140,pilates_yoga,58.69402985074627,77.90697674418605,-19.212946893439785
31170,pilates_yoga,67.22222222222223,58.720930232558146,8.501291989664082
31200,pilates_yoga,77.77777777777779,79.06976744186046,-1.2919896640826778
31710,pilates_yoga,53.888888888888886,51.74418604651163,2.1447028423772565
31110,pilates_yoga,45.27777777777777,49.41860465116279,-4.140826873385016
28710,pilates_yoga,22.777777777777775,40.116279069767444,-17.33850129198967
28245,pilates_yoga,51.11111111111111,42.44186046511628,8.669250645994829
28200,pilates_yoga,51.06550580431177,86.04651162790698,-34.98100582359521
28140,pilates_yoga,43.05555555555556,11.046511627906977,32.00904392764858
28177,pilates_yoga,77.97678275290215,0.0,77.97678275290215
28237,pilates_yoga,60.83333333333333,93.02325581395348,-32.189922480620154
28260,pilates_yoga,78.05555555555556,87.20930232558139,-9.153746770025833
28185,pilates_yoga,79.72222222222223,31.976744186046513,47.74547803617571
28720,pilates_yoga,27.22222222222222,0.0,27.22222222222222
28110,pilates_yoga,80.27777777777779,15.11627906976744,65.16149870801034
46810,pilates_yoga,24.166666666666664,0.0,24.166666666666664
46770,pilates_yoga,20.0,47.093023255813954,-27.093023255813954
46720,pilates_yoga,22.570480928689882,67.44186046511628,-44.871379536426396
46230,pilates_yoga,50.27777777777778,74.4186046511628,-24.140826873385016
46730,pilates_yoga,18.055555555555554,0.0,18.055555555555554
46170,pilates_yoga,57.106135986732994,52.32558139534884,4.780554591384153
46710,pilates_yoga,26.38888888888889,26.16279069767442,0.2260981912144686
46110,pilates_yoga,59.50248756218905,24.418604651162788,35.083882911026265
46840,pilates_yoga,76.99004975124377,59.30232558139535,17.687724169848423
46780,pilates_yoga,18.88888888888889,34.30232558139535,-15.413436692506462
46150,pilates_yoga,47.24295190713101,17.441860465116278,29.80109144201473
46910,pilates_yoga,10.713101160862355,0.0,10.713101160862355
46130,pilates_yoga,47.5,81.97674418604652,-34.47674418604652
46870,pilates_yoga,28.333333333333332,94.76744186046511,-66.43410852713178
46830,pilates_yoga,81.10696517412936,0.0,81.10696517412936
46890,pilates_yoga,35.83333333333333,20.930232558139537,14.903100775193792
46880,pilates_yoga,32.77777777777777,97.09302325581395,-64.31524547803618
46800,pilates_yoga,24.44444444444444,0.0,24.44444444444444
46900,pilates_yoga,36.66666666666667,43.02325581395349,-6.356589147286819
46860,pilates_yoga,22.499999999999996,0.0,22.499999999999996
46820,pilates_yoga,32.49999999999999,8.13953488372093,24.360465116279062
46790,pilates_yoga,33.888888888888886,48.25581395348838,-14.366925064599492
52790,pilates_yoga,28.055555555555557,0.0,28.055555555555557
52130,pilates_yoga,62.86898839137645,16.86046511627907,46.008523275097374
52210,pilates_yoga,31.11111111111111,94.18604651162791,-63.07493540051679
52190,pilates_yoga,27.25953565505804,33.13953488372093,-5.879999228662886
52730,pilates_yoga,20.833333333333332,0.0,20.833333333333332
52800,pilates_yoga,23.888888888888886,23.837209302325583,0.05167958656330285
52770,pilates_yoga,23.055555555555554,0.0,23.055555555555554
52710,pilates_yoga,53.05555555555554,65.11627906976744,-12.060723514211901
52140,pilates_yoga,38.04311774461028,56.395348837209305,-18.352231092599027
52750,pilates_yoga,16.666666666666664,0.0,16.666666666666664
52740,pilates_yoga,21.38888888888889,0.0,21.38888888888889
52113,pilates_yoga,79.37810945273633,0.0,79.37810945273633
52111,pilates_yoga,57.49999999999999,0.0,57.49999999999999
52180,pilates_yoga,30.51409618573797,85.46511627906976,-54.95102009333179
52720,pilates_yoga,16.944444444444443,0.0,16.944444444444443
50130,pilates_yoga,43.611111111111114,80.23255813953489,-36.62144702842377
50110,pilates_yoga,51.683250414593694,88.95348837209302,-37.270237957499326
44250,pilates_yoga,83.05555555555554,95.34883720930233,-12.293281653746789
44150,pilates_yoga,35.27777777777777,63.372093023255815,-28.094315245478043
44710,pilates_yoga,33.61111111111111,18.023255813953487,15.58785529715762
44230,pilates_yoga,42.77777777777777,2.9069767441860463,39.870801033591725
44270,pilates_yoga,56.666666666666664,1.1627906976744187,55.50387596899225
44180,pilates_yoga,36.38888888888889,4.069767441860465,32.31912144702843
44760,pilates_yoga,25.555555555555554,93.6046511627907,-68.04909560723515
44210,pilates_yoga,54.99999999999999,13.953488372093023,41.046511627906966
44770,pilates_yoga,26.666666666666668,66.27906976744185,-39.61240310077518
44200,pilates_yoga,82.77777777777777,44.76744186046512,38.01033591731265
44810,pilates_yoga,30.555555555555554,61.04651162790697,-30.49095607235142
44131,pilates_yoga,63.39966832504146,0.0,63.39966832504146
44133,pilates_yoga,84.16666666666667,0.0,84.16666666666667
44790,pilates_yoga,21.666666666666664,0.0,21.666666666666664
44825,pilates_yoga,28.888888888888886,12.209302325581394,16.679586563307492
44800,pilates_yoga,45.83333333333333,62.2093023255814,-16.37596899224807
43760,pilates_yoga,22.22222222222222,0.0,22.22222222222222
43800,pilates_yoga,20.27777777777778,0.0,20.27777777777778
43720,pilates_yoga,32.43781094527363,0.0,32.43781094527363
43740,pilates_yoga,28.312603648424545,95.93023255813954,-67.617628909715
43730,pilates_yoga,27.77777777777778,21.511627906976745,6.2661498708010335
43770,pilates_yoga,69.16666666666667,0.0,69.16666666666667
43150,pilates_yoga,38.33333333333333,9.30232558139535,29.031007751937977
43745,pilates_yoga,61.47595356550579,0.0,61.47595356550579
43750,pilates_yoga,82.26368159203979,18.6046511627907,63.659030429249086
43111,pilates_yoga,55.41044776119403,0.0,55.41044776119403
43112,pilates_yoga,62.77777777777778,0.0,62.77777777777778
43114,pilates_yoga,81.66666666666667,0.0,81.66666666666667
43113,pilates_yoga,80.55555555555556,0.0,80.55555555555556
43130,pilates_yoga,38.98424543946932,0.5813953488372093,38.40285009063211
